USE projeto_integrador;

INSERT INTO `fornecedor` VALUES
('01838723000127','BRF S.A.','contato.brf@brf.com','(51) 3313-3400','92480-000','R. Max Bloedow','241','','Nova Santa Rita','Nova Santa Rita','RS',1),
('07526557000100','Ambev S.A.','contato@ambevquersaber.com.br','(11) 95652-2480','92900-000','Av. Industrial Belgraf','765','','Medianeira','Eldorado do Sul','RS',1),
('07712197000130','Isabela Alimentos','contato@isabela.com.br','(51) 99135-3331','90820-200','R. Ursa Maior','','','Santa Tereza','Porto Alegre','RS',1),
('33033028008169','Mondelez Brasil','contato@mondelez.com.br','(11) 2108-4463','04571-050','R. Surubim','373','','Brooklin Novo','São Paulo','SP',1),
('43461789000190','Ypê - Química Amparo Ltda.','produtos@ype.com.br','(19) 3808-8000','13904-452','Avenida Waldyr Beira','1000','','Figueira','Amparo','SP',1),
('49033004001803','Bauducco','atendimento@lojabauducco.com.br','11 6421-9487','07043901','Rua Endres','919','','Vila Endres','Guarulhos','SP',1),
('50564053000103','Bombril','produtos@bombril.com.br','(11) 4366-1001','09696-005','Via Anchieta','','KM 14','Rudge Ramos','São Bernardo do Campo','SP',1),
('61186888000193','Coca-Cola FEMSA','contato@cocacola.com.br','(11) 98964-9773','04675-901','Av. Eng. Alberto de Zagottis','352','','Jurubatuba','São Paulo','SP',1),
('62000278000116','Melitta do Brasil','contato@melitta.com.br','(11) 2853-0386','04795-100','Av. das Nações Unidas','14401','12º andar - Torre Jatobá','Vila Gertrudes','São Paulo','SP',1),
('62205521000132','Orquídea Alimentos','sac@orquidea.com.br','(54) 3026-7500','95115-550','KM 66','10668','','Forqueta','Caxias do Sul','RS',1),
('87315099000107','Fruki bebidas','contato@fruki.com.br','(51) 3748-1500','92420-360','Av. Antônio Frederico Ozanam','2241','','Brigadeira','Canoas','RS',1),
('88815295000103','Pirahy Alimentos','sac@pirahy.ind.br','(55) 3431-0300','97670-000','Av. Cel. Tristão de Araújo de Nóbrega','1580','','Pirahy','São Borja','RS',1),
('89774160000100','Cooperativa Languiru Ltda.','sac@langiru.com.br','(51) 3762-5600','95890-000','R. Três de Outubro','120','','Languiru','Teutônia','RS',1),
('89940878000110','Parmalat Brasil','vendas@parmalat.com.br','(51) 3516-8698','04547-006','R. Gomes de Carvalho','','','Vila Olímpia','São Paulo','SP',1),
('95813887002782','Elegê Alimentos S.A.','contato@elege.com.br','(55) 3233-3907','95590-000','Avenida Minas Gerais','784','','Nova Tramandai','Tramandai','RS',1);

INSERT INTO `produto` VALUES
('1','Coca-Cola 600ml',5.60,8.40,'Unidade',120.000,1),
('10','Água mineral com gás Crystal 500ml',2.05,3.07,'Unidade',72.000,1),
('100','Leite UHT Zero Lactose 1l',6.80,10.20,'Unidade',20.000,1),
('101','Leite UHT Semidesnatado 1l',6.80,10.20,'Unidade',25.000,1),
('102','Requeijão Cremoso Light 200g',12.00,18.00,'Unidade',15.000,1),
('103','Leite UHT Integral 1l',6.70,10.05,'Unidade',25.000,1),
('104','Leite Condensado 395g',7.60,11.40,'Unidade',18.000,1),
('105','Creme de Leite 200g',8.00,12.00,'Unidade',18.000,1),
('106','Arroz Prato Fino Branco 1kg',9.90,14.85,'Unidade',45.000,1),
('107','Arroz Prato Fino Parboilizado',9.90,14.85,'Unidade',45.000,1),
('108','Arroz Prato Fino Integral',9.90,14.85,'Unidade',45.000,1),
('11','Guaraná Fruki 350ml',3.58,5.37,'Unidade',48.000,1),
('12','Guaraná Fruki 2l',4.99,7.48,'Unidade',48.000,1),
('13','Refrigerante Fruki Laranja 2l',4.66,6.99,'Unidade',12.000,1),
('14','Refrigerante Fruki Uva 2l',4.66,6.99,'Unidade',12.000,1),
('15','Frukito Frutas Cítricas 2l',4.62,6.93,'Unidade',12.000,1),
('16','Água da Pedra com gás 2l',2.15,3.23,'Unidade',48.000,1),
('17','Água da Pedra sem gás 2l',2.15,3.23,'Unidade',48.000,1),
('18','Água da Pedra com gás 500ml',1.78,2.67,'Unidade',72.000,1),
('19','Água da Pedra sem gás 500ml',1.78,2.67,'Unidade',72.000,1),
('2','Coca-Cola 350ml',3.78,5.67,'Unidade',120.000,1),
('20','Cerveja BellaVista American Ipa 500ml',7.32,10.98,'Unidade',36.000,1),
('21','Cerveja BellaVista Blond Ale 500ml',7.32,10.98,'Unidade',24.000,1),
('22','Cerveja BellaVista Premium Lager 473ml',6.18,9.27,'Unidade',48.000,1),
('23','Fruki Tônica 350ml',2.68,4.02,'Unidade',24.000,1),
('24','Fruki Tônica 1,5l',4.28,6.42,'Unidade',12.000,1),
('25','Fruki Citrus 350ml',2.74,4.11,'Unidade',48.000,1),
('26','Fruki Citrus 1,5l',4.35,6.52,'Unidade',36.000,1),
('27','Café Melitta Spresso Grão 500g',29.90,44.85,'Unidade',10.000,1),
('28','Café Melitta Sabor da Fazenda 500g',12.90,19.35,'Unidade',15.000,1),
('29','Café Melitta Especial 500g',14.90,22.35,'Unidade',12.000,1),
('3','Energético Monster Energy 473ml',6.25,9.38,'Unidade',48.000,1),
('30','Café Melitta Tradicional 500g',10.90,16.35,'Unidade',30.000,1),
('31','Café Solúvel Melitta Tradicional Sachet 40g',3.25,4.88,'Unidade',30.000,1),
('32','Rosquinhas Coco 350g',6.50,9.75,'Unidade',20.000,1),
('33','Rosquinhas chocolate 350g',6.50,9.75,'Unidade',20.000,1),
('34','Rosquinhas Leite 350g',6.50,9.75,'Unidade',20.000,1),
('35','Bolacha Maria 350g',8.00,12.00,'Unidade',25.000,1),
('36','Bolacha Maria Chocolate 350g',7.95,11.92,'Unidade',20.000,1),
('37','Bolacha Maizena 350g',7.65,11.48,'Unidade',20.000,1),
('38','Bolacha Recheada Mousse Doce de Leite 130g',2.08,3.12,'Unidade',25.000,1),
('39','Bolacha Recheada Mousse Chocolate ao Leite 130g',2.08,3.12,'Unidade',25.000,1),
('4','Energético Monster Energy Ultra 473ml',6.95,10.42,'Unidade',36.000,1),
('40','Bolacha Recheada Mousse Morango e Chocolate 130g',2.08,3.12,'Unidade',25.000,1),
('41','Bolacha Cream Cracker 350g',7.25,10.88,'Unidade',25.000,1),
('42','Bolacha Integral 350g',7.80,11.70,'Unidade',15.000,1),
('43','Bolachas Sortidas 300g',6.00,9.00,'Unidade',20.000,1),
('44','Wafer Morango 100g',1.98,2.97,'Unidade',30.000,1),
('45','Wafer Chocolate 100g',1.98,2.97,'Unidade',30.000,1),
('46','Wafer Doce de Leite 100g',1.98,2.97,'Unidade',30.000,1),
('47','Bolacha Água e Sal 320g',6.95,10.42,'Unidade',25.000,1),
('48','Bolacha Maria 320g',7.89,11.84,'Unidade',18.000,1),
('49','Massa com ovos Penne 500g',6.00,9.00,'Unidade',40.000,1),
('5','Del Valle Maça 335ml',3.88,5.82,'Unidade',36.000,1),
('50','Massa com ovos Espaguete 500g',5.95,8.92,'Unidade',50.000,1),
('51','Mistura para bolo de baunilha 400g',9.80,14.70,'Unidade',12.000,1),
('52','Mistura para bolo de cenoura 400g',9.80,14.70,'Unidade',12.000,1),
('53','Mistura para bolo de chocolate 400g',9.80,14.70,'Unidade',12.000,1),
('54','Mistura para bolo de coco 400g',9.80,14.70,'Unidade',12.000,1),
('55','Farinha de trigo 1kg',5.90,8.85,'Unidade',40.000,1),
('56','Farinha de trigo integral 1kg',5.90,8.85,'Unidade',30.000,1),
('57','Farinha de rosca 500g',6.25,9.38,'Unidade',12.000,1),
('58','Leite UHT Integral 1l',7.00,10.50,'Unidade',30.000,1),
('59','Leite UHT Desnatado 1l',7.20,10.80,'Unidade',20.000,1),
('6','Del Valle Pêssego 335ml',3.88,5.82,'Unidade',36.000,1),
('60','Leite UHT Semidesnatado 1l',7.20,10.80,'Unidade',20.000,1),
('61','Creme de Leite 200g',6.80,10.20,'Unidade',35.000,1),
('62','Leite Condensado 395g',7.80,11.70,'Unidade',35.000,1),
('63','Esponja de aço Bombril 60g',4.98,7.47,'Unidade',50.000,1),
('64','Limpol Lava-Louças Neutro 500ml',5.98,8.97,'Unidade',25.000,1),
('65','Limpol Lava-Louças Coco 500ml',5.98,8.97,'Unidade',25.000,1),
('66','Limpol Lava-Louças Maça 500ml',5.98,8.97,'Unidade',25.000,1),
('67','Limpol Lava-Louças Cristal 500ml',5.98,8.97,'Unidade',25.000,1),
('68','Limpol Lava-Louças Lavanda 500ml',5.98,8.97,'Unidade',25.000,1),
('69','Limpol Limpador Multiuso Clássico 500ml',7.98,11.97,'Unidade',20.000,1),
('7','Del Valle Uva 335ml',3.88,5.82,'Unidade',24.000,1),
('70','Limpol Limpador Multiuso Lavanda 500ml',7.98,11.97,'Unidade',20.000,1),
('71','Limpol Limpa Vidros Squeeze 500ml',7.68,11.52,'Unidade',30.000,1),
('72','Limpol Desengordurante Cozinha Spray',8.25,12.38,'Unidade',20.000,1),
('73','Pinho Bril Desinfetante 500ml',6.35,9.53,'Unidade',30.000,1),
('74','Sapólio Cremoso Clássico 250ml',7.65,11.48,'Unidade',25.000,1),
('75','Sapólio Cremoso Limão 250ml',7.65,11.48,'Unidade',25.000,1),
('76','Água Sanitária Ypê 1l',9.00,13.50,'Unidade',30.000,1),
('77','Água Sanitária Ypê 5l',13.50,20.25,'Unidade',20.000,1),
('78','Amaciante Ypê Tradicional Aconchego 500ml',9.00,13.50,'Unidade',20.000,1),
('79','Amaciante Ypê Tradicional Aconchego 2l',13.50,20.25,'Unidade',20.000,1),
('8','Del Valle 100% Pêssego 1l',5.90,8.85,'Unidade',24.000,1),
('80','Amaciante Concentrado Ypê Antibac 1l',13.00,19.50,'Unidade',20.000,1),
('81','Detergente Ypê Neutro 500ml',5.65,8.48,'Unidade',25.000,1),
('82','Detergente Ypê Coco 500ml',5.65,8.48,'Unidade',25.000,1),
('83','Detergente Ypê Maçã 500ml',5.65,8.48,'Unidade',25.000,1),
('84','Detergente Ypê Capim-limão 500ml',5.65,8.48,'Unidade',25.000,1),
('85','Esponja de Lã de Aço Assolan 45g',2.76,4.14,'Unidade',15.000,1),
('86','Limpador Multiuso Ypê Desengordurante 500ml',7.68,11.52,'Unidade',15.000,1),
('87','Lustra-Móveis Ypê Lavanda 200ml',6.90,10.35,'Unidade',15.000,1),
('88','Sabão em Barra Ypê Neutro 180g',2.85,4.27,'Unidade',35.000,1),
('89','Sabão em Pó Tixan Ypê Primavera 800g',9.90,14.85,'Unidade',15.000,1),
('9','Água mineral natural Crystal 500ml',1.98,2.97,'Unidade',60.000,1),
('90','Sabão em Pó Tixan Ypê Primavera Sachê 1,3kg',10.90,16.35,'Unidade',15.000,1),
('91','Sabão em Pó Tixan Ypê Primavera Sachê 2,4kg',12.00,18.00,'Unidade',15.000,1),
('92','Sabão em Pó Tixan Ypê Primavera Sachê 5,6kg',14.00,21.00,'Unidade',15.000,1),
('93','Sabão em Pó Tixan Ypê Maciez 800g',9.90,14.85,'Unidade',15.000,1),
('94','Manteiga Tablete Sem Sal 200g',12.00,18.00,'Unidade',25.000,1),
('95','Leite Fermentado Bob Esponja Tradicional 160g',10.00,15.00,'Unidade',12.000,1),
('96','Molho 4 Queijos 200g',8.00,12.00,'Unidade',12.000,1),
('97','Molho Strogonoff 200g',8.00,12.00,'Unidade',12.000,1),
('98','Bebida Láctea Salada de Frutas 900g',9.00,13.50,'Unidade',18.000,1),
('99','Bebida Láctea Ameixa 900g',9.00,13.50,'Unidade',18.000,1);

INSERT INTO `nota_compra` VALUES
('1','2023-01-15','61186888000193'),
('10','2023-07-10','88815295000103'),
('2','2023-02-04','87315099000107'),
('3','2023-03-21','62000278000116'),
('4','2023-04-12','07712197000130'),
('5','2023-04-20','62205521000132'),
('6','2023-05-07','89940878000110'),
('7','2023-05-29','50564053000103'),
('8','2023-06-12','43461789000190'),
('9','2023-06-30','95813887002782');

INSERT INTO `item_nota_compra` VALUES
('1','1',120,5.60),
('1','10',72,2.05),
('1','2',120,3.78),
('1','3',48,6.25),
('1','4',36,6.95),
('1','5',36,3.88),
('1','6',36,3.88),
('1','7',24,3.88),
('1','8',24,5.90),
('1','9',60,1.98),
('10','106',45,9.90),
('10','107',45,9.90),
('10','108',45,9.90),
('2','11',48,3.58),
('2','12',48,4.99),
('2','13',12,4.66),
('2','14',12,4.66),
('2','15',12,4.62),
('2','16',48,2.15),
('2','17',48,2.15),
('2','18',72,1.78),
('2','19',72,1.78),
('2','20',36,7.32),
('2','21',24,7.32),
('2','22',48,6.18),
('2','23',24,2.68),
('2','24',12,4.28),
('2','25',48,2.74),
('2','26',36,4.35),
('3','27',10,29.90),
('3','28',15,12.90),
('3','29',12,14.90),
('3','30',30,10.90),
('3','31',30,3.25),
('4','32',20,6.50),
('4','33',20,6.50),
('4','34',20,6.50),
('4','35',25,8.00),
('4','36',20,7.95),
('4','37',20,7.65),
('4','38',25,2.08),
('4','39',25,2.08),
('4','40',25,2.08),
('4','41',25,7.25),
('4','42',15,7.80),
('4','43',20,6.00),
('4','44',30,1.98),
('4','45',30,1.98),
('4','46',30,1.98),
('5','47',25,6.95),
('5','48',18,7.89),
('5','49',40,6.00),
('5','50',50,5.95),
('5','51',12,9.80),
('5','52',12,9.80),
('5','53',12,9.80),
('5','54',12,9.80),
('5','55',40,5.90),
('5','56',30,5.90),
('5','57',12,6.25),
('6','58',30,7.00),
('6','59',20,7.20),
('6','60',20,7.20),
('6','61',35,6.80),
('6','62',35,7.80),
('7','63',50,4.98),
('7','64',25,5.98),
('7','65',25,5.98),
('7','66',25,5.98),
('7','67',25,5.98),
('7','68',25,5.98),
('7','69',20,7.98),
('7','70',20,7.98),
('7','71',30,7.68),
('7','72',20,8.25),
('7','73',30,6.35),
('7','74',25,7.65),
('7','75',25,7.65),
('8','76',30,9.00),
('8','77',20,13.50),
('8','78',20,9.00),
('8','79',20,13.50),
('8','80',20,13.00),
('8','81',25,5.65),
('8','82',25,5.65),
('8','83',25,5.65),
('8','84',25,5.65),
('8','85',15,2.76),
('8','86',15,7.68),
('8','87',15,6.90),
('8','88',35,2.85),
('8','89',15,9.90),
('8','90',15,10.90),
('8','91',15,12.00),
('8','92',15,14.00),
('8','93',15,9.90),
('9','100',20,6.80),
('9','101',25,6.80),
('9','102',15,12.00),
('9','103',25,6.70),
('9','104',18,7.60),
('9','105',18,8.00),
('9','94',25,12.00),
('9','95',12,10.00),
('9','96',12,8.00),
('9','97',12,8.00),
('9','98',18,9.00),
('9','99',18,9.00);
