USE projeto_integrador;

INSERT INTO produto VALUES
	("1","Presunto Fatiado Soltíssimo", 5.2 , 9.8 , "gr" , 100, 3.4),
	("2", "Mousse Chocolate Meio Amargo", 1.2, 3.5, "gr", 50, 7.2 ),
	("3", "Wafers Brigadeiro", 1.2, 3.5, "gr", 80, 5.1),
	("4", "Leite Condensado", 3.2, 9.9, "gr", 100, 3.4),
	("5", "Limpol Detergente", 1.1, 2.3, "ml", 100, 1.2),
	("6", "Ype Tira Manchas", 2.3, 7.8, "ml", 80, 2.2),
	("7", "Biscoito Recheado Chocolate", 1.1, 3.8, "gr", 95, 2.2),
	("8", "Linguiça Toscana", 5.3, 19.8, "kg", 90, 3.2),
	("9", "Café Tradicional em Pó", 5.8, 17.9, "kg", 200, 3.2),
	("10", "Arroz Prato Fino", 1.1, 4.5, "kg", 150, 2.3);

INSERT INTO fornecedor VALUES
	("00000000000000","BRF S.A","SADIA","BRF@GMAIL.COM","123456789101","98765432","RUA X",10,"","BAIRRO","CIDADE","UF"),
	("11111111111111","ISABELA S A COMERCIO E INDUSTRIA","ISABELA","ISABELA@GMAIL.COM","123456789101","98765432","RUA X",11,"","BAIRRO","CIDADE","UF"),
	("22222222222222","ORQUIDEA ALIMENTOS LTDA","ORQUÍDEA","ORQUIDEA@GMAIL.COM","123456789101","98765432","RUA X",12,"","BAIRRO","CIDADE","UF"),
	("33333333333333","ELEGE ALIMENTOS SA","ELEGÊ","ELEGE@GMAIL.COM","123456789101","98765432","RUA X",13,"","BAIRRO","CIDADE","UF"),
	("44444444444444","LIMPOL - LIMPEZA E CONSERVACAO LTDA","LIMPOL","LIMPOL@GMAIL.COM","123456789101","98765432","RUA X",14,"","BAIRRO","CIDADE","UF"),
	("55555555555555","QUIMICA AMPARO LTDA.","Ype","YPE@GMAIL.COM","123456789101","98765432","RUA X",15,"","BAIRRO","CIDADE","UF"),
	("66666666666666","PARMALAT BRASIL S/A INDÚSTRIA DE ALIMENTOS","PARMALAT","PARMALAT@GMAIL.COM","123456789101","98765432","RUA X",16,"","BAIRRO","CIDADE","UF"),
	("77777777777777","COOPERATIVA LANGUIRU LTDA","LANGUIRU","LANGUIRU@GMAIL.COM","123456789101","98765432","RUA X",17,"","BAIRRO","CIDADE","UF"),
	("88888888888888","MELITTA DO BRASIL INDUSTRIA E COMERCIO LIMITADA","MELITTA","MELITTA@GMAIL.COM","123456789101","98765432","RUA X",18,"","BAIRRO","CIDADE","UF"),
	("99999999999999","PIRAHY ALIMENTOS LTDA","PRATO FINO","PRATOFINO@GMAIL.COM","123456789101","98765432","RUA X",19,"","BAIRRO","CIDADE","UF");

INSERT INTO nota_compra VALUES
	("000000001", "01/04/2023", "000000000000000"),
    ("000000002", "03/04/2023", "111111111111111"),
    ("000000003", "07/04/2023", "222222222222222"),
    ("000000004", "11/04/2023", "333333333333333"),
    ("000000005", "17/04/2023", "444444444444444"),
    ("000000006", "22/04/2023", "555555555555555"),
    ("000000007", "29/04/2023", "666666666666666"),
    ("000000008", "01/05/2023", "777777777777777"),
    ("000000009", "12/05/2023", "888888888888888"),
    ("000000010", "15/05/2023", "999999999999999");
    
INSERT INTO item_nota_compra VALUES
	("000000001", "2", 3, 10.5, 0.5),
    ("000000001", "5", 1, 15.0, 0.5),
    ("000000002", "1", 2, 21.75, 0.5),
    ("000000002", "10", 7, 10.75, 0.5),
    ("000000003", "8", 3, 5.25, 0.5),
    ("000000003", "7", 10, 2.25, 0.5),
    ("000000004", "4", 2, 4.5, 0.5),
    ("000000004", "1", 9, 10.5, 0.5),
    ("000000005", "2", 5, 2.79, 0.5),
    ("000000005", "7", 3, 3.35, 0.5),
    ("000000006", "5", 1, 4.05, 0.5),
    ("000000006", "9", 2, 10.55, 0.5),
    ("000000007", "10", 8, 10.65, 0.5),
    ("000000007", "8", 6, 12.55, 0.5),
    ("000000008", "4", 7, 17.15, 0.5),
    ("000000008", "3", 4, 10.5, 0.5),
    ("000000009", "3", 4, 12.5, 0.5),
    ("000000009", "1", 2, 22.5, 0.5),
    ("000000010", "5", 3, 30.0, 0.5),
    ("000000010", "9", 1, 12.99, 0.5);
    
INSERT INTO nota_venda VALUES
	("00000000001", "11/04/2023"),
    ("00000000002", "23/04/2023"),
    ("00000000003", "07/05/2023"),
    ("00000000004", "11/05/2023"),
    ("00000000005", "12/05/2023"),
    ("00000000006", "14/05/2023"),
    ("00000000007", "19/05/2023"),
    ("00000000008", "21/05/2023"),
    ("00000000009", "23/05/2023"),
    ("00000000010", "26/05/2023");    
    

INSERT INTO item_nota_venda VALUES
	("00000000001", "1", 5, 20.5),
    ("00000000001", "3", 3, 25.0),
    ("00000000002", "6", 1, 31.75),
    ("00000000002", "2", 2, 21.75),
    ("00000000003", "3", 3, 15.25),
    ("00000000003", "9", 1, 12.25),
    ("00000000004", "8", 3, 14.5),
    ("00000000004", "6", 5, 18.5),
    ("00000000005", "2", 6, 22.79),
    ("00000000005", "7", 1, 13.35),
    ("00000000006", "4", 9, 14.05),
    ("00000000006", "9", 5, 16.55),
    ("00000000007", "3", 10, 16.65),
    ("00000000007", "10", 15, 18.55),
    ("00000000008", "10", 4, 27.15),
    ("00000000008", "5", 4, 19.5),
    ("00000000009", "1", 2, 17.5),
    ("00000000009", "9", 1, 42.5),
    ("00000000010", "3", 3, 53.0),
    ("00000000010", "5", 2, 32.99);  
    